Year,Jurisdiction_x,Pct_Econ_Disadvantaged,Pct_Not_Econ_Disadvantaged,Pct_Eligible_NSLP,Pct_Not_Eligible_NSLP,Did_Not_Finish_HS,Graduated_HS,Graduated_College,I_Dont_Know,White,Black,Hispanic,Asian_Pacific_Islander,American_Indian,Two_or_More,Avg_Score,Pctl_0,Pctl_10,Pctl_25,Pctl_50,Pctl_75,Pctl_90
Percentage,Percentage,Percentage,Percentage,Percentage,Percentage,Percentage,Percentage,Percentage,Percentage,Percentage,Percentage,Percentage,Percentage,Percentage,Percentage,Percentage,,Percentage,Percentage,Percentage,Percentage,Percentage
2024,National,46.97683942,43.96848439,,,5.509196572,13.87757713,12.86514071,53.76585027,45.47700882,14.01722624,28.43636204,6.597863785,0.900840433,4.570698679,273.833456,,219.3389984,244.6735008,273.6549973,302.9884995,328.2769989
2024,Albuquerque,62.00874307,37.8484971,,,7.8164031,16.71111526,15.27403328,45.35289771,19.21695993,2.349601398,68.13478672,1.366064361,5.655469379,3.277118216,256.2855266,,204.7060013,227.0979988,253.5830002,284.2004944,314.7254974
2024,Atlanta,74.1521277,25.0640526,,,5.367125786,14.07202961,12.51362886,54.80598636,14.27224541,72.70381334,9.385228008,0.715236058,,2.773108492,256.2610959,,207.5089996,225.9349991,251.9069992,282.5874954,313.0325027
2024,Austin,47.33563848,51.84409633,,,9.361129376,10.28465478,9.036975013,56.81963713,34.8402527,4.515114612,51.90738993,5.02593693,,3.572593993,272.5705624,,215.0934998,240.4989998,271.6184998,304.7469971,330.9109955
2024,Baltimore City,75.46562278,24.53437722,,,8.116624,22.43462484,16.76647555,35.62701229,8.438699423,72.22046925,17.86359216,0.769601758,,0.515171693,245.0989207,,199.1834999,219.2855003,241.9824997,266.8080032,295.8694962
2024,Boston,73.29096437,26.58448979,,,7.006936723,16.09515053,14.07188053,43.14466709,12.59093798,29.10275842,44.45499792,10.62717739,,3.025734429,263.5768453,,206.7224998,229.0595009,259.5404999,296.7415024,327.8070023
2024,Charlotte,49.85199338,49.86526928,,,6.837792889,14.80262015,9.913766358,54.61442591,21.76943392,36.31486067,31.75763274,7.187719014,,2.680509414,275.1706627,,216.3195007,241.1204994,272.9425018,309.3850006,336.7840012
2024,Chicago,77.34550431,20.69534385,,,7.506837508,16.08781631,15.45932432,40.93403325,11.49004642,35.95349834,47.16960274,4.126123845,,1.099824313,265.2015428,,214.9330009,235.3575005,261.3455017,291.625499,322.9634995
2024,Clark County (NV),100,,,,7.695365796,21.71905241,15.47244836,38.15505939,20.48831965,15.71917054,47.8864711,8.335516788,,7.490264378,261.7061553,,210.3214996,233.2615005,259.9910004,289.7580048,315.7720001
2024,Cleveland,100,,,,8.136050837,22.55917212,19.02005699,34.88029034,10.59452758,68.28891771,16.9103954,1.192758751,,2.906567943,241.7163494,,197.4849983,217.8359993,240.3579994,264.2269989,287.5435013
2024,Dallas,85.54002928,14.17494502,,,17.40222825,22.44212397,14.03642345,26.16517638,5.291663398,18.47483511,73.30414092,0.958729352,,1.716128715,259.3368083,,210.9124992,232.0414978,259.3825012,285.497496,307.1529968
2024,Denver,64.5245643,35.4754357,,,,,,,25.23134375,12.6114907,53.71022636,3.111992358,,5.023267929,263.8485828,,206.3705002,230.1090004,261.0820007,297.6565002,326.4310013
2024,Detroit,87.31368095,12.68631905,,,7.970197956,23.71833407,16.59897567,33.87854468,2.169934148,80.20681084,15.78892732,1.58577569,,,236.5041501,,198.4084999,214.3169983,233.6425011,255.4780022,279.5564972
2024,District of Columbia (DCPS),44.09612146,55.90387854,,,5.176674399,16.79770926,12.28122115,49.79537469,12.58174782,59.70534875,23.03442343,1.84693517,,2.83154483,259.6152348,,202.7420006,225.5589996,252.381498,291.1769989,329.8844986
2024,Duval County (FL),49.30280828,50.69719172,,,5.222811387,15.64801129,14.95789255,49.94500392,30.53314734,39.90627838,18.62577957,5.532219513,,5.286955918,261.0558405,,210.6169998,231.7395012,258.1880005,289.0099991,315.8060028
2024,Fort Worth (TX),80.74229776,19.25770224,,,13.0406382,22.13406539,13.6630645,27.12844337,11.05685152,18.57805161,66.52230284,1.5432849,,2.012057991,252.2127046,,206.8849998,226.6774994,250.1185013,275.8140015,302.0105011
2024,Fresno,,,,,,,,,,,,,,,,,,,,,
2024,Guilford County (NC),55.78294425,44.21705575,,,4.758741981,13.30514586,13.483682,53.46271131,26.05116906,41.93563017,19.91660017,7.405848332,,4.601162623,269.0068706,,214.9919998,238.0145012,267.0709976,299.1539993,327.1889984
2024,Hillsborough County (FL),52.43464192,47.56535808,,,5.828514336,11.70233173,13.70684426,55.19040611,28.04414129,21.59367928,39.54448669,5.89466133,,4.813846597,266.5669838,,217.3125,239.2779991,265.5680023,292.2910019,316.3569992
2024,Houston,79.36616152,20.63383848,,,10.78332079,17.41813735,11.98314762,35.71718259,8.764756242,21.00139932,64.52053901,4.296534853,,1.359291648,264.2970034,,213.5864998,234.9365013,261.3115021,291.1680008,320.1074966
2024,Jefferson County (KY),64.8512446,35.1487554,,,4.806358525,15.28486792,15.97369903,46.41970456,33.93132924,37.35064412,17.24004582,5.551496586,,5.926484232,256.1225941,,204.363501,226.7534996,253.8520004,282.8820007,311.9664993
2024,Los Angeles,79.00789357,20.66073564,,,10.54945579,17.35788166,12.36761256,34.08449178,12.24099617,6.116647563,71.92659181,6.51286036,,3.119332916,259.6705881,,206.956501,228.7300003,257.6425003,288.8899963,315.6804977
2024,Miami-Dade,62.97902747,37.02097253,,,4.392281537,13.56692394,13.22025007,51.61661744,6.819540378,16.11646394,75.57069366,0.808133948,,0.685168074,267.7606757,,219.4655006,240.2484993,266.6475006,295.312001,317.6069977
2024,Milwaukee,79.56790906,20.29727771,,,8.071867035,20.4369898,12.58419534,39.2141818,8.803027614,48.44392798,28.75013224,9.58328555,,4.184636911,244.4195832,,198.9650017,218.7795006,242.1150002,267.638501,292.8695023
2024,New York City,79.66760769,20.33239231,,,8.79406948,13.74550896,10.93697255,39.94429255,12.11659747,20.64602411,45.00071865,19.99866123,0.594394703,1.643603827,267.0595593,,213.1015015,235.8090004,263.4930038,295.9580017,328.3074997
2024,Orange County (FL),46.20571779,53.79428221,,,4.481600918,10.88122805,12.65414224,53.93738769,22.23644211,23.68140023,45.57681947,6.217246013,,1.972512469,266.0725335,,215.425,238.0319992,265.4325012,292.6925018,317.4985001
2024,Philadelphia,78.46165843,19.8585005,,,6.348288321,19.92334606,13.79913077,38.04297151,15.5911285,46.25199089,21.97697194,10.43782114,,5.742087533,252.2036583,,200.2425003,222.0170006,248.1265007,279.6294983,311.4574966
2024,San Diego,56.40314059,43.59685941,,,6.759475792,9.987911116,11.31259664,54.98038704,22.21197927,6.480757927,45.51326911,16.51583437,,9.160677295,274.7856009,,213.8850006,240.9615005,276.2284988,307.225,334.2229996
2024,Shelby County (TN),,,,,,,,,,,,,,,,,,,,,
2024,California without Fresno,,,,,,,,,,,,,,,,,,,,,
2024,California without Los Angeles,59.59222332,40.40777668,,,6.627201337,15.70605398,13.39889046,45.46890369,19.48713832,5.246887123,55.89576015,14.34912106,,4.533725502,269.4272017,,211.4275009,237.7879982,267.6604996,300.2545013,329.8785034
2024,California without San Diego,60.94327866,39.03442557,,,6.882997141,15.89456582,13.36033807,44.58799926,18.96139816,5.288112146,57.11990358,13.7914991,,4.373703224,268.6956331,,210.9940018,236.9644997,266.9824966,299.2945007,328.8424973
2024,California without any TUDAs,59.64015012,40.35984988,,,6.625220487,15.7916849,13.43013334,45.32646634,19.44618833,5.228344022,56.05179234,14.31655884,,4.464189833,269.3466735,,211.3845009,237.7139992,267.564505,300.1414993,329.7570007
2024,Colorado without Denver,38.66487308,59.73963109,,,,,,,53.63939795,4.070110269,32.94659438,3.721515905,0.696264452,4.926117053,279.5970897,,224.624501,251.6669998,280.9179993,309.2609985,333.2704971
2024,District of Columbia without DCPS,53.14692431,46.760862,,,4.726502385,18.69849582,14.39309434,48.44792402,8.231983077,72.32319799,15.44529748,0.510268779,,3.489252676,263.5525826,,212.3765022,234.9944984,261.5860031,288.9735046,319.2145004
2024,Florida without Duval County,52.5373202,47.33959357,,,5.288766891,13.24169424,14.1223208,52.25425422,32.10579906,18.54158359,41.5644654,3.46624506,,4.013640484,267.502216,,217.2220001,240.5915001,266.9460007,294.0164978,318.4909988
2024,Florida without Hillsborough County,52.40480715,47.4667071,,,5.238665673,13.481186,14.19506478,51.89676814,32.39286825,19.20886899,40.73788655,3.343859289,,3.999235767,267.3021307,,216.8639992,240.2930023,266.7125,293.9865005,318.5795013
2024,Florida without Miami-Dade,50.97140238,48.8944181,,,5.407449437,13.30699242,14.28276411,52.23577459,35.46819266,19.84707387,35.89788255,3.921647164,,4.523872019,267.1725874,,216.5895004,240.2035011,266.5980026,293.6659958,318.5199997
2024,Florida without Orange County,52.87952424,46.9933434,,,5.347164029,13.52445395,14.26970963,52.02706501,32.78938333,19.07498556,40.26588586,3.346159345,,4.224215998,267.3320451,,217.0655014,240.3514992,266.7154999,293.9219971,318.4685013
2024,Florida without any TUDAs,51.38732444,48.44118438,,,5.463731171,13.60639467,14.47733791,51.84997699,37.98393344,18.07757332,35.48564146,3.361029081,,4.707517015,267.713601,,216.9964996,241.1,267.2534988,294.1509979,318.9965012
2024,Georgia without Atlanta,66.56634801,33.09413306,,,5.806279446,13.73513423,14.37183863,50.86764483,36.50754561,36.64057169,17.92814922,4.445965419,,4.235451009,268.9882665,,214.5584984,241.2599998,269.2289978,297.4994995,322.7729996
2024,Illinois without Chicago,42.62213712,57.37786288,,,4.20473911,11.81111974,11.87076533,59.11050367,53.62785336,9.86771711,24.88667538,6.889736175,,4.599790109,279.8293733,,221.9215004,247.7359985,280.3714981,310.9274994,337.3264999
2024,Kentucky without Jefferson County,57.57560631,42.42439369,,,5.664608348,14.4285298,16.84163962,49.34670676,76.72648273,6.80971253,9.391533484,1.899005526,,5.110654208,273.3029689,,223.480999,246.1889999,272.1855042,300.1294998,323.9205002
2024,Maryland without Baltimore,32.21885003,65.42752442,,,5.928272778,13.42727425,11.19082202,55.96578819,34.96581045,29.15210965,22.12449088,7.873136483,,5.583068385,270.1866837,,214.3990036,239.1594994,268.7015015,300.6615021,329.5490021
2024,Massachusetts without Boston,41.16595499,58.3419403,,,3.169022957,11.84903349,9.943031075,62.21597265,56.46613689,6.598557409,25.49093795,6.839153661,,4.405246598,284.3741687,,228.1555,253.9719994,285.3834991,314.2184998,339.2369995
2024,Michigan without Detroit,51.02057388,48.97942612,,,3.794170811,15.56426355,14.34146796,53.92035596,67.36829022,11.99579474,11.76667437,3.381006895,0.674984463,4.813249312,270.9906591,,220.6065018,243.4310005,269.7959991,298.4059998,322.9369995
2024,Nevada without Clark County,53.61726177,41.97755596,,,6.171802979,21.06375038,14.74876123,43.39230085,36.67080445,8.372813344,40.09177045,7.912669497,0.854036774,6.097905491,269.8095385,,221.9454994,243.0724998,267.6079987,294.225,322.2424988
2024,New Mexico without Albuquerque,42.84023529,52.14665282,,,9.904437535,18.14563224,16.07907277,41.60377632,23.94898091,1.907782015,59.75990903,1.260591297,11.59533706,1.527399691,256.1889772,,209.5419983,230.4205002,254.5224998,280.6294998,305.4785004
2024,New York without New York City,43.82732149,48.59226407,,,6.498558358,10.78054839,8.972028458,59.54008976,51.9221518,14.22688055,24.05772284,4.956324659,,4.475964936,272.7001165,,216.6894997,243.5859978,274.1404984,302.6285019,327.7210007
2024,North Carolina without Charlotte,51.37259421,48.5677952,,,6.249931855,14.3779926,13.28772507,50.80233814,45.61966914,22.20346026,20.37846437,5.179303806,1.012959632,5.606142797,275.8838734,,217.681501,245.8404999,277.0209991,306.8189972,330.9000046
2024,North Carolina without Guilford County,51.03703791,48.88031537,,,6.36943541,14.46412337,12.97278564,51.03034763,44.3141416,22.61225887,21.43830014,5.263434399,0.98809715,5.38376784,276.1254219,,217.6880005,245.8634979,277.0964996,307.3330032,331.6914993
2024,North Carolina without any TUDAs,51.15614356,48.78132029,,,6.322679624,14.43033148,13.2781653,50.67255171,46.58004973,21.2350471,20.40113168,5.070029711,1.058276678,5.655465098,276.2213821,,217.8660004,246.3939995,277.4404968,307.1784988,331.0865021
2024,Ohio without Cleveland,47.91431435,50.40545796,,,3.157844748,14.28789083,13.91998087,56.66539277,68.55893941,14.93738165,8.02754437,3.472652397,,4.772352961,279.6802366,,225.9804985,251.4950012,280.0175018,308.1929993,333.0559967
2024,Pennsylvania without Philadelphia,46.6094796,53.3905204,,,3.195521687,13.7071602,12.7781271,58.36042947,66.71486356,11.99855306,10.86686873,5.54566233,,4.874052319,277.7203581,,218.9624992,248.2310005,279.237001,308.6079987,334.0014999
2024,Tennessee without Shelby County,,,,,,,,,,,,,,,,,,,,,
2024,Texas without Austin,57.66166624,42.33189861,,,7.675481555,15.89340984,13.5070083,47.09738815,26.16467515,14.06427992,50.88156471,6.07392663,,2.384613153,269.355647,,218.6585014,241.5065002,267.9629974,297.0065018,321.6225021
2024,Texas without Dallas,56.90251728,43.08772401,,,7.47256768,15.67666481,13.44175989,47.69268933,26.74429746,13.85000615,50.38199266,6.178208725,,2.414004173,269.6225664,,218.7930008,241.7114998,268.2235001,297.3659988,321.9279999
2024,Texas without Forth Worth,57.26165892,42.722248,,,7.630338774,15.75190923,13.45256636,47.453469,26.44906757,13.89741314,50.70494665,6.116248678,,2.403092503,269.6003094,,218.8024994,241.7125,268.2440002,297.2964996,321.8825012
2024,Texas without Houston,56.93230892,43.05134593,,,7.60924073,15.78407675,13.49598897,47.52971038,26.75413389,13.75645305,50.51308779,6.111013804,,2.427439536,269.535301,,218.7589996,241.6915001,268.2255035,297.2300003,321.8070023
2024,Texas without any TUDAs,56.05787563,43.94212437,,,7.280475595,15.61010166,13.53664537,48.19301144,27.37119024,13.69682411,49.74107875,6.307397482,,2.435535123,269.9654807,,219.1820015,242.2035004,268.6334991,297.6545029,322.0149963
2024,Wisconsin without Milwaukee,37.45417889,62.36257281,,,3.972879977,10.69682822,12.10825268,63.2400165,73.1632175,4.245991592,12.58405865,4.529338719,0.989491889,4.487901655,285.6953294,,233.6175003,258.8369995,287.5285034,313.0990021,334.3704987
2022,National,46.25146602,45.73531514,46.25146602,45.73531514,6.415836144,14.65051498,12.61662671,52.46938535,46.45762563,14.49127133,27.6540994,6.224449539,0.88116155,4.29139255,274.2662133,,224.3375008,247.2350006,273.811998,300.7899994,324.938002
2022,Albuquerque,67.99509786,32.00490214,67.99509786,32.00490214,10.62798313,17.98216157,14.85147076,39.12886723,18.71388858,1.992880592,69.10730853,1.715888212,5.404083395,3.065950692,260.0357149,,211.6290009,232.5464996,257.2959984,286.3209946,313.1289993
2022,Atlanta,67.42358748,32.34966154,67.42358748,32.34966154,5.66019661,16.26786886,14.62653489,51.90155924,15.26807971,72.76956482,8.553939631,1.433779783,,1.752767848,262.6231009,,216.3289993,236.0585014,259.8755005,285.6379974,312.1730011
2022,Austin,51.00472771,48.99527229,51.00472771,48.99527229,10.76987819,13.60344901,7.960966595,53.08093693,32.80606269,5.865832063,53.20704081,4.270365385,,3.720199356,273.0179459,,222.2734993,243.8650002,271.1804993,301.8035034,327.0800003
2022,Baltimore City,60.81842147,38.89364876,60.81842147,38.89364876,8.142552602,24.16176223,15.93490976,35.46872688,7.742159535,78.74110337,11.18838736,1.582086962,,0.628002708,245.2833978,,202.576001,220.4989983,241.7190002,266.0089981,292.8675018
2022,Boston,71.10867329,28.89132671,71.10867329,28.89132671,8.21212986,17.09998841,11.90925713,40.56592146,14.25799468,27.76194193,42.56046854,11.83075262,,3.58884223,269.8839989,,214.1094994,237.557,266.1595032,300.4850021,331.4935043
2022,Charlotte,32.86942703,66.91176973,32.86942703,66.91176973,8.836751432,16.75061882,9.396654536,51.55222329,23.86496063,36.88672011,29.9966472,6.423952484,,2.378022209,277.6185741,,227.236499,250.0025002,277.0619995,304.0819977,328.8180023
2022,Chicago,77.28670908,16.65091083,77.28670908,16.65091083,9.39294016,19.8007795,15.58670951,35.09973425,11.02022072,37.34067186,45.9526353,4.619937407,,0.695096333,263.0285528,,218.7624992,238.5014999,261.3299973,285.3545013,311.399498
2022,Clark County (NV),100,,100,,11.59051323,18.8112352,14.73382373,36.67387527,23.26644545,13.44721336,48.62153251,7.650079251,,6.679889536,266.7688973,,219.5899986,240.5494987,265.2554993,291.4955017,317.0414978
2022,Cleveland,100,,100,,9.472819016,24.10941991,14.33479982,33.99484222,15.36840824,62.71255745,17.33348099,2.272586592,,2.312966725,244.7177603,,202.0464989,220.9334999,243.2044998,265.5979996,289.4950012
2022,Dallas,85.65887123,14.34112877,85.65887123,14.34112877,21.63301902,21.67182143,14.61324872,23.78234907,4.250061336,18.51137179,74.27161098,1.57533864,,1.311053558,260.3458218,,219.5550003,237.1045006,259.0554993,281.5960022,303.5595001
2022,‡,51.76401257,47.94551544,51.76401257,47.94551544,,,,,22.59116412,13.76150666,55.6674967,3.962933655,,3.837447802,264.5827601,,210.9630005,235.3754997,263.3085022,293.3815018,320.5990005
2022,Detroit,81.97252544,18.02747456,81.97252544,18.02747456,11.65593453,25.98412171,14.48986309,28.82609892,2.743792206,76.90772169,18.41223497,1.936251128,,,237.5743738,,200.0904991,216.7915001,235.406501,255.5580017,279.3520004
2022,District of Columbia (DCPS),73.97570483,26.02429517,73.97570483,26.02429517,6.405004029,18.35047062,12.37211304,45.91941437,12.0375596,62.57172908,21.85801517,1.526739481,,2.005956666,256.882146,,205.7439987,226.850502,253.5229996,283.9664978,313.7279999
2022,Duval County (FL),48.32851396,51.43476614,48.32851396,51.43476614,5.397846953,16.16312961,14.80097558,48.37341721,31.41044857,42.94093027,14.80749715,5.250141608,0.525060279,5.065922125,269.2016962,,223.3000008,241.8949997,266.4320007,294.9584991,319.6660019
2022,Fort Worth (TX),#,14.08306373,85.91693627,14.08306373,17.87937956,21.91453934,12.69926306,25.43032042,9.894156627,19.72979084,67.85428903,0.762234164,,1.591058695,258.9744393,,219.9979996,236.881501,257.174501,279.7354996,300.8124954
2022,Fresno,,,,,,,,,,,,,,,,,,,,,
2022,#,43.92553442,56.07446558,43.92553442,56.07446558,9.456730266,11.61598094,11.88017842,54.53186093,27.71726446,42.41523037,17.46875006,7.303905687,,4.967404101,270.216594,,223.1365005,243.968,268.7550018,295.3670013,319.6390015
2022,Hillsborough County (FL),60.50732189,39.49267811,60.50732189,39.49267811,6.65932775,15.44627462,11.43489663,52.32408563,30.52339245,21.49832616,38.27546875,5.099409454,,4.378655884,269.3080415,,223.3150009,242.5300018,267.2834961,294.5350006,318.9445007
2022,Houston,80.67524782,19.08681344,80.67524782,19.08681344,13.8825553,18.25227251,11.7065471,32.72609372,8.071910652,21.37784036,65.12635403,4.455332463,,0.731324336,264.6722456,,218.3469994,237.2184998,261.7444992,288.988501,316.6429993
2022,Jefferson County (KY),70.4753834,29.5246166,70.4753834,29.5246166,6.237606175,17.83662171,14.93405365,42.5296555,38.1925346,38.29260069,14.21431921,4.134445209,,5.070384948,262.6202349,,215.4689995,235.7590004,260.3845001,287.6559998,313.7660004
2022,Los Angeles,63.11224763,9.996489768,63.11224763,9.996489768,12.6795396,16.33053059,12.24371413,32.91682402,11.87464429,5.69440931,71.96828325,7.987360679,,2.206695967,262.3982501,,213.3224991,235.3674995,260.6434998,287.3415039,313.335498
2022,Miami-Dade,74.90238927,24.94300767,74.90238927,24.94300767,4.32808278,13.50401656,14.00912331,52.66793599,6.180827946,18.37518936,73.73650506,1.308994054,,,274.2205045,,228.7470001,249.845002,273.6440002,297.9829941,320.7345016
2022,Milwaukee,79.72298161,19.98369751,79.72298161,19.98369751,8.210350211,19.79015461,14.40860027,37.03712336,10.8076675,49.36733219,26.83105954,10.17371179,,2.583677473,246.2726621,,203.1309998,221.5365005,243.7775009,269.7520004,292.797998
2022,New York City,74.40389683,25.59610317,74.40389683,25.59610317,9.216411459,13.45897084,12.13313689,40.91371633,13.5271328,21.29995007,43.61260272,19.31634319,,2.021721047,268.8982403,,214.9215012,236.9794991,264.4600006,298.8054993,331.4360016
2022,Orange County (FL),,,,,,,,,,,,,,,,,,,,,
2022,Philadelphia,73.82879572,26.17120428,73.82879572,26.17120428,7.821738832,22.09487594,15.30400309,34.25625028,13.45594232,47.04416026,24.32959314,8.840947693,0.808688937,5.520667644,252.3474212,,206.0215012,225.1279984,247.3919991,275.3579987,307.4995026
2022,San Diego,55.13851203,44.86148797,55.13851203,44.86148797,6.73590358,13.09305934,13.14802895,51.3473477,24.96664085,6.989753402,43.50449877,16.21678145,,8.322325526,274.3590164,,221.6614983,243.5069992,272.9419968,303.7464996,329.6904984
2022,Shelby County (TN),58.87474725,41.12525275,58.87474725,41.12525275,8.05489084,20.8949001,14.88596867,39.25728217,4.804378376,72.56235689,18.29283457,1.036596055,,3.225368391,250.8407323,,208.807502,228.2404999,249.7509987,272.3150009,293.9274994
2022,California without Fresno,,,,,,,,,,,,,,,,,,,,,
2022,California without Los Angeles,58.8025241,41.13865993,58.8025241,41.13865993,8.951818772,15.02598333,11.87693836,43.45926606,18.29372131,4.090320177,57.91337984,14.8928136,,4.464249472,270.397284,,218.6259987,241.2270012,268.6460007,296.8239975,326.2244995
2022,California without San Diego,59.18289385,38.75041645,59.18289385,38.75041645,9.266745527,15.15473452,11.88407181,42.54264694,17.70793336,4.164383836,59.19279702,14.35535176,,4.234299357,269.7362564,,218.1504997,240.7044998,268.0149979,295.9949997,325.1920013
2022,California without any TUDAs,58.8652372,41.07494014,58.8652372,41.07494014,8.990189522,15.0594538,11.85492817,43.32267618,18.17950787,4.040693583,58.16000172,14.87015261,,4.398214782,270.3294752,,218.5789993,241.1825005,268.5904999,296.6830002,326.1304993
2022,Colorado without Denver,33.22320948,65.84451516,33.22320948,65.84451516,,,,,55.50766826,3.307865863,32.5002669,3.09271156,0.600356245,4.99113117,276.3614365,,225.4080009,250.4819992,276.9400009,302.9054993,325.9735016
2022,District of Columbia without DCPS,86.06879636,13.93120364,86.06879636,13.93120364,4.906207649,21.92700309,16.94411843,41.60627542,6.329802515,71.80485112,17.86714647,0.915862848,,2.841192338,262.5265997,,215.1010002,236.9404991,262.0710007,285.8355011,310.3440033
2022,Florida without Duval County,56.63961675,43.16533028,56.63961675,43.16533028,5.925600118,17.10129691,15.20684311,48.26585722,35.26308639,19.26141322,38.09624254,3.140454141,,4.022380929,271.2955327,,223.9839973,244.9569992,269.922998,296.1924988,321.7414963
2022,Florida without Hillsborough County,55.93112505,43.85587134,55.93112505,43.85587134,5.840549566,17.19244472,15.4965258,47.93861927,35.47012405,20.19339647,36.98461959,3.079252108,,4.042330094,271.3598203,,224.013002,245.0239998,269.9699997,296.2309967,321.8259995
2022,Florida without Miami-Dade,53.85668745,45.94095155,53.85668745,45.94095155,6.107988614,17.52436728,15.34308299,47.69670222,38.85414467,20.5414664,32.31752539,3.482316846,,4.552176346,270.8122975,,223.397998,244.1249992,269.2419998,295.8459976,321.7445038
2022,Florida without Orange County,,,,,,,,,,,,,,,,,,,,,
2022,Florida without any TUDAs,53.51296026,46.26660991,53.51296026,46.26660991,6.094030265,17.8077297,15.76067447,47.20027281,40.10164231,19.1732392,32.72358025,3.221803501,,4.540135406,271.0527073,,223.407,244.4775002,269.5209991,296.0185028,322.1145004
2022,Georgia without Atlanta,54.1419449,44.9645156,54.1419449,44.9645156,8.09260812,15.2256612,13.82449707,49.59277582,35.25021237,37.43790401,17.98069402,5.143335702,,4.010468572,271.5217581,,221.4930008,244.6365005,270.9644989,297.5430008,322.1679977
2022,Illinois without Chicago,39.06448767,60.93551233,39.06448767,60.93551233,5.792108062,11.8472689,11.90309786,56.83804432,53.09809985,11.43797131,23.57578825,7.319214657,,4.430583599,277.9632252,,229.0665001,250.3450012,276.4119965,304.1355011,329.049498
2022,Kentucky without Jefferson County,54.2733389,45.4515494,54.2733389,45.4515494,7.169663192,17.62535305,16.49584111,47.56354025,78.41119526,6.82111387,8.772995093,1.35387693,,4.640818846,270.6150278,,224.2365013,245.4720009,270.2070007,295.6400009,317.1994995
2022,Maryland without Baltimore,38.36958538,60.75348796,38.36958538,60.75348796,6.419127361,11.25217482,10.8724394,55.64722947,35.42855535,30.18997268,21.20452045,8.130408005,,4.81939877,270.6809434,,216.0345001,240.1845016,268.9675018,300.4264984,328.2660004
2022,Massachusetts without Boston,39.91945825,59.754432,39.91945825,59.754432,4.186320082,12.51485314,11.22180711,60.49766013,61.81271042,7.274460839,20.40208485,6.384087834,,3.783003453,284.2242773,,233.4720001,257.1100006,284.0849991,311.212999,334.5985001
2022,Michigan without Detroit,47.12497229,52.87502771,47.12497229,52.87502771,3.679748796,13.04102412,13.9534332,59.21324223,69.21356381,15.76650648,6.816173567,2.822724919,,5.06125236,273.5115083,,224.9890007,246.2939995,272.9964996,300.1769989,322.1970001
2022,Nevada without Clark County,39.8402327,58.01909349,39.8402327,58.01909349,6.404977346,17.90578459,16.81336946,45.36494783,40.64011496,8.367969583,36.73488545,6.222884749,1.139546088,6.894599175,273.0666662,,226.9040001,248.2455002,272.2789993,296.9310028,320.7089996
2022,New Mexico without Albuquerque,78.97133789,21.02866211,78.97133789,21.02866211,10.49502699,19.12992937,14.77570065,40.52449133,21.5045104,1.825900199,62.5023423,1.053486691,11.74292682,1.370833595,258.6184351,,216.4369995,236.0979988,258.1264999,280.5539993,301.2189972
2022,New York without New York City,47.58320644,43.75483544,47.58320644,43.75483544,5.116582431,11.27274716,10.93863792,58.28344281,52.76411952,13.63661948,22.82919866,8.039843075,,2.335242948,277.0442502,,224.6085007,249.2715012,276.5355011,305.2009995,330.5205017
2022,North Carolina without Charlotte,35.69451336,64.30548664,35.69451336,64.30548664,6.954059352,13.6920221,12.85278174,53.79815389,47.35324107,24.17626424,20.22679752,2.790048069,,4.991494595,273.2726828,,225.3590004,247.5144997,273.0404984,298.8919998,321.549498
2022,North Carolina without Guilford County,35.00955399,64.96782995,35.00955399,64.96782995,7.029583421,14.10426841,12.54340094,53.53271925,45.86285953,24.61931602,21.36830405,2.950164871,,4.722509512,273.8677838,,225.6464996,247.9675011,273.6795044,299.5554993,322.4175003
2022,North Carolina without any TUDAs,35.25626349,64.74373651,35.25626349,64.74373651,6.822557324,13.80110701,12.90388686,53.7596015,48.39873277,23.20515452,20.37364612,2.549713669,,4.992777261,273.4354003,,225.4950005,247.7239998,273.2904999,299.0069977,321.614502
2022,Ohio without Cleveland,43.83950414,50.42809449,43.83950414,50.42809449,4.767198312,17.08648849,14.35588102,51.87940817,71.59937246,13.20455671,6.112571632,3.789988619,,5.177950331,276.7456585,,225.4024994,250.0395004,277.8974991,304.0970016,326.1619995
2022,Pennsylvania without Philadelphia,42.17711836,55.2984998,42.17711836,55.2984998,3.31472302,14.31308322,11.95915261,59.00233788,67.96580651,10.3234211,13.08288934,4.151698102,,4.419545687,275.815465,,225.5344994,249.0269997,276.2045013,302.9050018,324.7709976
2022,Tennessee without Shelby County,23.23284289,76.76715711,23.23284289,76.76715711,5.41604519,17.69423752,15.36741078,47.47801258,64.66375831,14.66262548,13.83827715,2.548293584,,3.93616857,274.3295555,,224.6665016,249.2324989,274.9269989,300.9819977,322.7345001
2022,Texas without Austin,58.97474631,38.00210671,58.97474631,38.00210671,11.32745184,17.4907952,12.12849021,44.6772582,27.88111921,12.41758285,50.98357136,6.148862781,,2.43061976,272.6643113,,226.0230003,247.3920013,271.9259995,297.5250015,320.4360031
2022,Texas without Dallas,58.23519143,38.70975551,58.23519143,38.70975551,11.07535505,17.34062958,12.01495378,45.28352849,28.50786916,12.18616665,50.4594361,6.232744504,,2.474270914,272.9617739,,226.2655006,247.6369995,272.2389999,297.8290024,320.7460007
2022,Texas without Forth Worth,58.50996716,38.46597505,58.50996716,38.46597505,11.23299719,17.38156623,12.06693431,45.0423233,28.18623282,12.23403514,50.78689822,6.196373053,,2.458722493,272.852129,,226.1350014,247.5340004,272.1240005,297.7124985,320.6664993
2022,Texas without Houston,58.26859959,38.67129124,58.26859959,38.67129124,11.24998367,17.41885816,12.08536513,45.11568866,28.49454409,12.08275624,50.62175128,6.170803002,,2.494743117,272.890133,,226.3224991,247.6349998,272.1714996,297.7064987,320.5669983
2022,Texas without any TUDAs,57.28647,39.49000827,57.28647,39.49000827,10.90167356,17.30090698,12.07018888,45.82107738,29.30952466,11.89874212,49.74489911,6.390170376,,2.520287416,273.4025459,,226.7449997,248.2340004,272.8324982,298.2525009,320.9415009
2022,Wisconsin without Milwaukee,35.00864328,64.69851619,35.00864328,64.69851619,3.224421604,11.54516989,11.55745449,63.47858043,71.94738668,4.108250488,13.78546063,4.032673898,1.677492662,4.44873565,284.0552986,,235.5299988,259.4925003,284.8984985,309.4599991,330.6674988
2019,National,46.71792059,46.27618137,46.71792059,46.27618137,6.585879664,13.92516242,13.17795839,54.26936459,49.39634792,14.25218682,25.84400592,6.052784293,0.961499289,3.493175756,282.0018594,,230.7769989,254.8160004,282.1019989,309.4549988,333.275499
2019,Albuquerque,69.10789902,30.58744448,69.10789902,30.58744448,10.62084797,16.62078759,13.80555869,45.01060619,20.7211117,2.310673139,66.33014015,2.270371174,5.591227663,2.776476176,266.7987711,,218.3335022,240.2020012,266.0280014,291.8649979,316.9185013
2019,Atlanta,70.91783719,29.08216281,70.91783719,29.08216281,6.105955882,16.26946821,12.39054128,53.66722506,15.43694868,73.82968487,8.154777138,0.713895059,,1.713975757,268.1654803,,220.6625008,241.0269997,264.9169998,292.7109955,322.3664993
2019,Austin,50.201361,49.52542914,50.201361,49.52542914,12.42989084,12.74995218,7.90087691,51.48551796,30.13462868,6.794626671,54.91542173,4.81718947,,3.070720864,282.2687892,,227.1905006,251.0380005,281.5594971,312.536998,339.0279999
2019,Baltimore City,52.74903774,47.15711515,52.74903774,47.15711515,8.755086132,22.37464165,16.50023739,39.52630826,9.019774117,80.63389303,8.088643706,1.608161327,,0.649527821,254.0531477,,210.5999985,230.0374985,252.5034996,275.9564987,299.0760025
2019,Boston,70.15277575,29.84722425,70.15277575,29.84722425,9.218864927,17.51760586,12.44004136,40.34638223,15.01314764,29.61444021,43.07918301,11.13376088,,0.930854681,278.7745864,,218.0184998,244.0364998,277.1250031,313.3515015,342.3945023
2019,Charlotte,39.33154128,60.66845872,39.33154128,60.66845872,7.696120178,12.01654476,10.53507058,57.41470543,27.11183588,38.97126019,25.98402884,6.218095344,,1.54341849,288.1374434,,232.1580009,258.3880005,288.648497,319.5140015,342.4150009
2019,Chicago,80.19214109,16.11329824,80.19214109,16.11329824,11.19314561,15.02403044,18.48289621,37.53948092,7.835304891,38.20871379,48.66747923,4.787258983,,,275.2641239,,225.4564995,248.8529984,274.1500015,301.8090012,325.851503
2019,Clark County (NV),65.46521826,32.8859708,65.46521826,32.8859708,12.33153372,19.94464766,15.153473,35.12389306,23.6044684,13.71725559,47.5117702,8.666154944,,6.202221246,271.6089351,,221.5580002,244.4324989,270.9755005,297.5460007,323.5315002
2019,Cleveland,96.79487388,3.024053926,96.79487388,3.024053926,11.96799917,21.29863848,15.78055289,36.76897436,14.15155601,64.88989815,16.89642288,1.164266458,,2.708628876,253.1436731,,211.8370003,231.0059998,252.2204994,274.1850006,294.8440018
2019,Dallas,88.03446032,11.96553968,88.03446032,11.96553968,24.92945405,20.07128076,11.18872079,22.79157443,4.482806031,20.37754957,72.5334252,0.997103848,,1.344200449,264.412206,,221.7299995,241.4309998,263.6880035,285.515004,308.7794998
2019,Denver,63.9891406,36.0108594,63.9891406,36.0108594,,,,,24.69746172,13.25818332,53.46041519,3.207317651,1.190208848,4.186413272,275.3138309,,221.1570023,246.3055,274.6044998,304.1134979,331.0974945
2019,Detroit,85.60325649,12.47226327,85.60325649,12.47226327,10.49906119,21.16157258,16.99508599,32.71265618,2.183316361,80.12806667,15.41209789,2.19951765,,,243.8430836,,204.9639999,222.1414993,242.5165009,263.8675003,284.6549988
2019,District of Columbia (DCPS),69.58086513,30.30376908,69.58086513,30.30376908,5.891169117,18.10617233,14.35259988,48.97147747,13.50456031,61.6834434,20.91249828,1.834179364,,2.065318643,268.585481,,213.2870003,236.9849998,265.3440002,297.7194977,330.8020004
2019,Duval County (FL),51.94386157,47.91384716,51.94386157,47.91384716,6.12126494,17.39017423,16.49135067,47.72623215,32.68298729,45.28291469,11.97607019,5.39333932,,4.407039385,274.1198218,,227.3550011,248.4954987,273.6919983,298.6360016,321.8684998
2019,Fort Worth (TX),87.62551404,12.37448596,87.62551404,12.37448596,19.86188306,23.77628669,13.93987614,21.70919782,8.989774079,21.87906619,65.37180362,2.06043045,,1.621786204,264.9705837,,220.7899979,239.9404991,263.2134995,289.512001,311.8009995
2019,Fresno,86.44214371,13.55785629,86.44214371,13.55785629,13.91809879,18.43294276,11.37984593,27.83480136,9.644771409,8.209330332,68.55327026,10.38295361,,3.107131018,253.5291256,,208.9935005,228.5699982,251.407,276.748999,300.9395004
2019,Guilford County (NC),52.06734882,47.93265118,52.06734882,47.93265118,7.357505688,13.83046699,11.25762739,56.90172926,32.66495638,40.73697821,16.22406375,6.095834553,,3.900498253,280.3203332,,227.173999,252.0735001,279.8635025,309.9235016,334.1160004
2019,Hillsborough County (FL),60.07966669,39.57361464,60.07966669,39.57361464,5.900603301,15.10128091,13.58187543,52.43361831,33.25226659,20.98410972,37.33741238,4.1684342,,4.187121189,276.3636359,,226.9805,248.5964996,275.3854996,304.0054962,327.7990005
2019,Houston,79.56863627,20.31084701,79.56863627,20.31084701,16.84413314,17.67890113,12.45363125,31.71275847,7.812634512,24.23412211,63.85569788,3.614212528,,,274.06507,,226.9799995,247.7855003,272.4509964,299.3824997,323.8945023
2019,Jefferson County (KY),60.79445957,39.20554043,60.79445957,39.20554043,5.44591202,16.02992234,14.04437223,51.46619574,42.38863918,38.37956312,10.28303674,4.797506245,,4.028925792,273.3268804,,224.0739998,245.8085007,273.312999,299.7965012,322.5130005
2019,Los Angeles,68.92841704,30.72947458,68.92841704,30.72947458,13.86634627,17.87913144,13.79882128,27.16601193,7.764980964,5.526098575,78.05175639,6.917187974,,1.518541491,260.6659795,,211.7605019,234.8550011,259.4380005,285.5224991,310.9815033
2019,Miami-Dade,71.65205854,28.29686839,71.65205854,28.29686839,5.606093408,14.8359401,13.77602692,50.15829043,7.449499913,16.35051253,73.92263075,1.347422825,,0.929933981,276.1282776,,229.256501,250.2985001,275.2190018,301.8645004,325.2954987
2019,Milwaukee,84.40519213,15.21024614,84.40519213,15.21024614,10.15276569,18.23669787,16.97108984,35.71205016,10.25451514,51.05862128,27.83017772,7.864866468,0.763145407,2.228673988,252.282736,,204.6034996,225.6910011,251.5175003,277.5755005,301.3394974
2019,New York City,74.14109905,25.85890095,74.14109905,25.85890095,8.859102134,14.88343459,11.5022431,42.35643555,14.57850744,24.16836999,42.2795843,17.875841,,0.744375566,272.9441597,,218.3134987,242.2789993,270.1324997,301.8080002,332.8565033
2019,Orange County (FL),,,,,,,,,,,,,,,,,,,,,
2019,Philadelphia,66.93079121,31.27003888,66.93079121,31.27003888,7.641008676,22.4253692,16.88582825,38.63822836,14.46827837,48.77914791,20.43096904,8.935372912,,6.902398346,256.4310758,,206.0375,227.7595016,252.4809998,283.4054993,313.3684982
2019,San Diego,58.12655237,41.78105305,58.12655237,41.78105305,8.542483765,13.05869095,9.900895096,53.1579038,24.98486288,7.210114728,43.6079404,15.92828157,,8.268800417,282.6110341,,229.2759987,253.3109985,281.1789978,312.012999,337.7594986
2019,Shelby County (TN),51.94690938,47.8318671,51.94690938,47.8318671,7.629477757,18.43726143,14.05903451,46.82864327,5.724418073,74.89143104,15.04740748,1.452177535,,2.616296114,265.2517661,,219.5055,241.1080017,265.912999,288.9324966,308.7300034
2019,California without Fresno,62.15112,37.65902727,62.15112,37.65902727,10.16777122,14.454071,14.56966728,41.33799888,20.40908194,5.267111103,55.96369997,14.02611475,,3.851575039,275.8716314,,223.5259995,246.1970001,273.9045013,304.250499,332.1214996
2019,California without Los Angeles,61.94962157,37.87435091,61.94962157,37.87435091,9.938133807,14.24761632,14.58800999,42.22853841,21.22181838,5.284870015,54.4653647,14.51351303,,4.017234679,276.7302234,,224.2635002,246.9885002,274.8960007,305.3139999,333.0324997
2019,California without San Diego,62.50492722,37.30594635,62.50492722,37.30594635,10.23707394,14.52236671,14.6069349,40.99358128,20.20813076,5.271523728,56.30950633,13.952512,,3.77281732,275.4981594,,223.1169991,245.8209976,273.5110016,303.8509995,331.8560013
2019,California without any TUDAs,61.69656439,38.12367324,61.69656439,38.12367324,9.912063713,14.21537304,14.70969569,42.22094182,21.30770121,5.213580628,54.4691261,14.54291067,0.510913537,3.955767859,276.9309747,,224.5480003,247.2100021,275.1739975,305.475499,333.1634979
—,Colorado without Denver,33.71111088,63.66543455,33.71111088,63.66543455,,,,,56.76201855,3.657693324,30.83021241,3.767514598,0.630227469,4.352333657,285.5424637,,234.077002,260.2410019,287.0514984,312.4524979,334.8719986
2019,District of Columbia without DCPS,72.46658333,27.42722583,72.46658333,27.42722583,5.021050355,18.33642302,18.94976502,44.90440933,5.472774823,77.39421511,13.85712285,0.986346035,,2.188453608,269.8061264,,219.5705002,243.5549988,269.2019974,294.6520035,320.4784988
2019,Florida without Duval County,57.51700674,42.44854443,57.51700674,42.44854443,6.067879294,14.77062111,13.92908822,53.051931,38.26002083,21.19426868,34.09949926,3.242837605,,3.054585169,278.7101166,,227.4309998,251.282,278.3550003,306.3220016,329.7195007
2019,Florida without Hillsborough County,57.05582736,42.93120958,57.05582736,42.93120958,6.084312171,14.85929873,14.07219271,52.86711107,38.43487065,22.2744271,32.85157653,3.259906429,,3.019063148,278.7048418,,227.4939995,251.4025002,278.3899994,306.1835007,329.6129959
2019,Florida without Miami-Dade,55.31737029,44.64547384,55.31737029,44.64547384,6.13398028,14.88386199,14.06973702,53.20200493,42.23435108,22.97442162,27.60519617,3.602730051,,3.409035819,278.8523536,,227.1264992,251.2735001,278.6275024,306.5610001,330.0445007
2019,Florida without Orange County,,,,,,,,,,,,,,,,,,,,,
2019,Florida without any TUDAs,55.01261192,44.98738808,55.01261192,44.98738808,6.158462243,14.72650536,13.98886234,53.57570994,43.66001792,21.98441837,27.44942285,3.449365382,,3.276413929,279.3589064,,227.1624992,251.8550003,279.2830002,307.3549988,330.6739975
2019,Georgia without Atlanta,58.74917668,38.97594661,58.74917668,38.97594661,7.698887443,14.06875271,12.99202376,53.36495176,41.03269463,34.22878386,16.99897058,4.38599341,,3.253116689,279.8053511,,229.7109993,253.1325005,279.4580002,306.9559982,330.7414993
2019,Illinois without Chicago,40.96940628,59.03059372,40.96940628,59.03059372,5.889480559,13.17620668,13.17710296,57.63940515,56.23824618,13.82455531,20.06234246,5.91304696,,3.696583361,284.1012997,,233.3565002,257.3345024,283.775499,310.8355011,334.6649963
2019,Kentucky without Jefferson County,55.18184484,44.71380464,55.18184484,44.71380464,6.687451716,16.92846054,16.10655805,51.13217132,83.71604919,5.378628716,5.538763911,1.530904942,,3.64345139,278.8539307,,231.0494987,254.7825012,279.0915024,303.9490021,325.8105011
2019,Maryland without Baltimore,39.10866932,59.49605608,39.10866932,59.49605608,4.758166072,12.58382707,12.27432944,59.08319676,38.55883668,30.52376426,17.57667601,8.279627698,,4.71223405,282.348235,,228.5580017,252.1800011,281.3084991,311.6815002,338.698999
2019,Massachusetts without Boston,25.98623139,73.58899707,25.98623139,73.58899707,3.637299759,12.04880699,10.99137532,64.8445039,63.73885619,8.179628679,16.97724868,6.907455528,,4.099938574,295.2027188,,241.4129997,268.0519974,296.9044983,323.6049957,346.4620041
2019,Michigan without Detroit,43.21641476,56.68406051,43.21641476,56.68406051,3.386199882,13.5709133,13.60229181,58.95690528,71.77899191,12.70733615,8.057170547,3.023459211,0.578544285,3.854497891,281.3811674,,234.2090012,255.5800018,280.799498,306.7090027,330.2700012
2019,Nevada without Clark County,37.99459955,59.79551128,37.99459955,59.79551128,8.640824985,13.99116031,18.52883123,45.71840739,48.74909593,3.956461567,36.26823242,4.718485591,0.93118014,5.376544357,278.2709169,,229.6550011,252.7290009,279.1154999,303.5530029,326.0915009
2019,New Mexico without Albuquerque,75.58679992,24.41320008,75.58679992,24.41320008,10.56806113,20.16974167,16.13450641,40.39196059,24.66732458,1.276700171,60.37084914,0.904075445,11.84940504,0.931645629,269.4090412,,223.7144997,244.7415009,268.5895004,294.2170029,315.9670013
2019,New York without New York City,35.70966988,59.91330019,35.70966988,59.91330019,4.473512082,11.36506547,10.76754795,62.68467012,63.45351633,13.3121633,16.17081194,4.390900793,0.635741815,2.036865819,284.6736968,,231.4344986,256.1230011,285.3699997,313.5520004,337.0474991
2019,North Carolina without Charlotte,43.89708752,56.05593867,43.89708752,56.05593867,6.415084792,13.72933512,13.13020443,55.91654724,52.51135996,22.32730132,16.57969915,2.840810749,1.28673376,4.454095062,283.1772774,,231.3040009,256.3010017,284.6415009,311.1264984,334.5
2019,North Carolina without Guilford County,43.0125887,56.9428255,43.0125887,56.9428255,6.49780795,13.54935873,12.96075833,56.01925252,50.93566151,23.08298062,17.55774785,3.018764739,1.219463299,4.185381979,283.8298741,,231.7315018,256.7694977,285.1865005,311.9910019,335.3400009
2019,North Carolina without any TUDAs,43.43098934,56.51935708,43.43098934,56.51935708,6.361594732,13.72359506,13.23648842,55.86063014,53.64356029,21.27706357,16.59998748,2.655117708,1.338594219,4.485676728,283.3402608,,231.6775009,256.5749977,284.8944977,311.1715012,334.526001
2019,Ohio without Cleveland,43.33940399,55.79977324,43.33940399,55.79977324,3.615929399,14.62630156,14.60276756,58.25298435,73.18876455,15.69513736,4.049449415,2.058469877,,4.859382993,286.4015856,,235.0784996,260.8224991,287.4145004,313.4905014,336.0404968
2019,Pennsylvania without Philadelphia,41.46625173,57.38006771,41.46625173,57.38006771,3.311289791,12.16381178,13.77875578,61.156598,69.70297656,13.91204691,9.120437563,4.217893948,,2.999528369,286.9877935,,232.0400002,258.5950005,288.3804977,316.1809998,339.2090042
2019,Tennessee without Shelby County,28.01755344,71.68464164,28.01755344,71.68464164,6.438396718,15.91445783,16.16362982,48.74720964,69.71224728,15.0267376,9.731167596,2.683511534,,2.755743046,281.770182,,233.1170013,255.613501,281.1695007,308.1825012,331.3544998
2019,Texas without Austin,57.65446878,39.01870947,57.65446878,39.01870947,10.91706536,16.72542844,12.70827447,46.30639016,27.78047909,11.55326254,53.36871511,5.10069521,,1.916786631,279.6166141,,233.5505013,254.7345001,278.7199997,304.0964981,326.7459991
2019,Texas without Dallas,56.76353094,39.86372428,56.76353094,39.86372428,10.5745767,16.58598012,12.68366803,46.98376787,28.41886003,11.25986427,52.89006434,5.203821257,,1.947102872,280.0481213,,233.8669998,255.1190002,279.1589996,304.6209991,327.2174957
2019,Texas without Forth Worth,57.10043377,39.56248779,57.10043377,39.56248779,10.80122495,16.56610899,12.62632158,46.74783501,28.09722335,11.33345614,53.20666308,5.143170816,,1.936507329,279.874285,,233.7515015,254.9859993,278.9360016,304.426001,327.0645004
2019,Texas without Houston,56.83266685,39.77594422,56.83266685,39.77594422,10.74157045,16.6407039,12.65231027,46.85772453,28.46968474,11.07172918,53.04413718,5.1458393,,1.981937494,279.8350669,,233.6980011,254.9549988,278.9220016,304.3764984,326.9889999
—,Texas without any TUDAs,55.55677911,40.85784333,55.55677911,40.85784333,10.1774455,16.48464898,12.73894479,47.86661741,29.43072028,10.69731547,52.27474967,5.316179623,,1.990054992,280.4719002,,234.5529999,255.7404999,279.6470016,304.9,327.385498
2019,Wisconsin without Milwaukee,35.19185222,64.0968658,35.19185222,64.0968658,3.700902208,11.7680981,13.26361985,62.21514161,74.28219044,4.859978111,11.71840828,4.079595442,1.125894603,3.933933123,291.6885839,,242.7919975,266.4669998,293.2574982,317.5890015,339.1065018
2017,National,45.80170259,47.12559519,45.80170259,47.12559519,6.542869096,14.43812708,13.23001389,54.98075681,51.38682945,14.28638201,24.42268016,5.885203965,0.974243317,3.044661102,282.8426762,,233.1030006,256.1095001,282.7089996,309.6859985,332.9464996
2017,Albuquerque,68.6559313,31.18131861,68.6559313,31.18131861,10.37053333,16.09724843,14.49203754,43.80174895,19.49634341,2.274810743,67.19476222,2.423012599,5.716245682,2.894825346,269.5580457,,220.6915009,242.9534996,268.5829987,295.2045029,321.2215027
2017,Atlanta,77.93077004,21.84278458,77.93077004,21.84278458,6.257815152,16.67363715,12.18700968,53.33630516,13.18741481,76.77150093,8.120911376,0.60223214,,1.215536223,264.8654134,,218.7290016,238.0004997,260.7400009,289.4015015,318.1164978
2017,Austin,50.3331599,49.42250445,50.3331599,49.42250445,14.68163272,14.47238265,9.578115743,47.54785786,29.45218718,7.774303178,55.81402855,3.955250759,,2.825759206,283.3613592,,228.9094994,252.8729988,284.5654999,313.6884995,335.7180008
2017,Baltimore City,67.87117818,29.67795298,67.87117818,29.67795298,8.396390612,22.46368776,17.37471686,39.42206317,7.470989247,83.81849543,6.30361996,1.551718276,,0.523913103,255.4929,,214.8639999,232.2385002,252.7479988,275.989502,301.2160004
2017,Boston,69.05375467,30.84794474,69.05375467,30.84794474,9.860304802,16.46807971,14.29616619,41.50786113,14.64100689,29.47869214,42.49790835,11.44080119,,1.529315998,279.6835535,,224.8550011,247.3630005,277.4160004,310.802002,339.1429993
2017,Charlotte,42.03761288,57.42095224,42.03761288,57.42095224,7.742093398,11.54425825,11.5280481,57.52941162,28.99823502,37.98697733,23.17146526,6.262673177,0.655111541,2.925537678,287.3911881,,230.6254997,256.3964996,288.7074982,318.3889999,343.5905014
2017,Chicago,81.65584922,18.2259745,81.65584922,18.2259745,9.662665175,16.58700181,16.91449541,38.44439276,11.52232377,35.51734144,47.9414346,3.898755161,,0.867261115,275.6315692,,227.5205002,248.6639992,273.3245026,300.9940002,327.2360016
2017,Clark County (NV),65.76182132,32.88741996,65.76182132,32.88741996,10.41514225,20.6002578,16.75787818,37.42404139,24.70783976,13.67664318,46.21716452,8.514380355,0.630412309,6.253559878,272.1677375,,224.7754997,245.4064987,270.7235016,299.0580017,322.3930023
2017,Cleveland,99.00488979,,99.00488979,,12.86336446,20.46220661,15.63154918,36.95783179,13.72858366,66.59227812,14.85769929,1.618295273,,2.791201052,257.2168755,,214.4590004,235.0554985,256.3919991,279.462999,301.2424973
2017,Dallas,91.18720242,7.741727506,91.18720242,7.741727506,27.42149164,18.94514254,13.61666019,21.81817678,3.936073461,20.0614473,73.65388905,1.563391402,,0.646265618,268.1937115,,225.4699989,243.7795013,265.4294998,292.2914978,313.6334991
2017,Denver,69.66063377,29.36440043,69.66063377,29.36440043,,,,,17.47639934,12.16198914,61.55513656,4.272003312,,4.135293675,271.5791963,,220.9280006,243.0519997,270.3674988,299.5904999,325.3859985
2017,Detroit,72.86829172,26.71496289,72.86829172,26.71496289,9.90808953,21.81093708,15.74682066,33.57877442,1.426317052,78.80973471,16.09828687,3.419632748,,,245.5858318,,208.3564995,225.1579987,244.2520004,264.4965027,285.1799942
2017,District of Columbia (DCPS),71.89334259,28.10665741,71.89334259,28.10665741,6.782948107,16.20021493,13.38827586,48.49511704,12.087795,66.4322412,17.34117441,2.125663139,,1.885644246,261.9713812,,207.8489998,231.2779999,259.0224991,290.2864975,321.7860016
2017,Duval County (FL),47.12025765,52.40753117,47.12025765,52.40753117,6.029379058,17.84914337,15.63392496,51.69951809,34.00521838,43.69395287,11.99467693,5.583112789,,4.331436472,275.4966049,,231.0014999,250.6720001,272.8434982,298.0950012,323.5605011
2017,Fort Worth (TX),77.13660545,22.7703697,77.13660545,22.7703697,23.88496696,20.14874952,14.01015065,24.3426648,10.93433404,22.21322153,65.18925448,0.697726486,,0.715477297,268.5014213,,224.7604996,243.8020004,267.7740005,291.8530029,312.9505005
2017,Fresno,82.61417191,17.14763662,82.61417191,17.14763662,14.33707393,19.19120302,14.03500781,27.96842568,9.893560907,8.973244088,68.40472555,11.36038219,,0.897521713,254.618033,,210.2404991,229.8875008,253.6454994,277.9579971,300.5590012
2017,Guilford County (NC),45.12674919,52.57742144,45.12674919,52.57742144,6.410617141,14.0498554,13.64363024,54.24074032,35.49303237,39.3474298,13.66999088,6.491850498,0.647210594,4.350485861,276.4805192,,223.5734993,246.0599998,274.6020004,306.1639999,331.7605026
2017,Hillsborough County (FL),51.18288243,47.10903887,51.18288243,47.10903887,6.64336841,16.07034963,12.80865943,52.4577966,34.70298066,19.6956507,36.61887404,4.715283325,,3.841224082,277.2625666,,226.5314995,250.2159996,276.960498,303.6974991,327.6749985
2017,Houston,73.63414476,26.05887892,73.63414476,26.05887892,17.42194169,17.68138221,12.99010255,32.17360993,7.03477098,24.73575823,63.74084935,3.122575715,,1.132947807,273.4626713,,227.7644997,247.4160019,271.0779984,297.2954971,323.9494995
2017,Jefferson County (KY),59.73878629,40.08940577,59.73878629,40.08940577,4.429436548,14.99771665,16.65237461,53.17684799,45.37419951,38.08290483,9.071173286,3.773801191,,3.534905211,270.838022,,222.1335007,242.6979996,268.8485016,298.6095032,322.7699982
2017,Los Angeles,58.9841068,40.77493501,58.9841068,40.77493501,14.54673494,17.76908016,13.34058743,31.36338052,10.83552169,8.769892207,72.45402099,7.634744857,,,266.8162883,,219.8609993,240.8339996,264.8189972,292.1100006,316.9465012
2017,Miami-Dade,73.69283116,26.21486218,73.69283116,26.21486218,5.686170261,14.22825267,13.24145147,53.26711027,7.195966046,21.45976428,69.44387638,1.33458361,,,273.5985344,,228.0184998,248.8260002,271.723999,297.8930008,321.3845016
2017,Milwaukee,81.736525,11.39129539,81.736525,11.39129539,10.57272441,18.62972299,15.91115404,38.33307469,11.61575406,50.04209761,29.68051748,7.36423107,0.551102016,0.746297762,254.2404896,,209.6334991,229.5265007,252.4419998,278.0259995,302.1205002
2017,New York City,68.35301519,31.56153467,68.35301519,31.56153467,8.770043536,13.43376698,12.53180466,44.63348756,16.68666357,21.73012827,41.60126107,19.14554806,,0.672169157,274.8449813,,222.6589996,245.2699989,272.7624969,303.225499,329.7165024
2017,Orange County (FL),,,,,,,,,,,,,,,,,,,,,
2017,Philadelphia,66.61665545,32.99548333,66.61665545,32.99548333,8.586967007,21.19143156,17.43161563,36.53114449,13.98758307,53.02592878,17.87298638,10.35241638,,4.654266353,260.2559677,,213.7510002,232.9710007,256.795504,284.0634964,314.2160004
2017,San Diego,57.93731775,41.54154526,57.93731775,41.54154526,9.263060621,10.6787096,12.69387001,52.53454222,24.57288445,7.477068748,43.29563577,17.53592065,,7.036849729,282.8084348,,230.5305016,253.0719994,281.639502,312.7725021,337.2819977
2017,Shelby County (TN),53.79783822,46.20216178,53.79783822,46.20216178,7.269892117,18.41260692,12.72833441,47.21898682,7.013066055,77.24129147,11.34307374,2.13659535,,2.155347273,256.798349,,211.8300011,231.9925003,255.1475006,279.7959976,303.9439987
2017,California without Fresno,55.30253956,42.71119468,55.30253956,42.71119468,9.619687998,16.01655748,14.8338431,43.80006861,24.29032949,5.947538712,53.4830736,13.31881788,,2.495955881,276.8974385,,224.5035004,248.0435005,275.5904999,304.5944977,331.6529984
2017,California without Los Angeles,55.34296992,42.54887137,55.34296992,42.54887137,9.27047477,15.91105375,14.94756653,44.63248701,25.21842286,5.752929372,52.10675481,13.76283445,,2.675560594,277.4480714,,224.6760002,248.4180008,276.2349991,305.2325012,332.4470001
2017,California without San Diego,55.58109282,42.42851357,55.58109282,42.42851357,9.680989616,16.14267939,14.86009357,43.46885433,24.1151896,5.957438212,53.83216748,13.22422571,,2.400140018,276.5337047,,224.1665009,247.6914993,275.2419998,304.2375015,331.2660004
2017,California without any TUDAs,54.94038822,42.89764421,54.94038822,42.89764421,9.205301015,15.96444324,15.00053744,44.70280388,25.42954465,5.679025477,52.05884505,13.72388554,,2.617560418,277.6450231,,224.8790009,248.6480003,276.4459976,305.3820007,332.5489975
2017,Colorado without Denver,35.04759978,63.16023767,35.04759978,63.16023767,,,,,57.80889344,3.036988614,31.40962739,3.656650848,0.57971267,3.508127041,287.6601102,,237.1675011,262.3744995,288.362001,314.9945023,336.6909958
2017,District of Columbia without DCPS,81.67674168,18.32325832,81.67674168,18.32325832,4.970827374,17.95556666,17.24463763,47.48643366,5.990587894,76.15910839,14.71250357,1.64186055,,1.316293615,270.1234859,,222.1830002,243.0635002,268.0675003,294.0245026,323.9089996
2017,Florida without Duval County,57.277969,42.23551293,57.277969,42.23551293,6.32450435,14.16560571,14.02732095,53.01943137,40.21044105,19.85143642,33.26705691,3.303168462,,2.977510757,279.2740221,,233.8714996,253.8490005,277.7274994,304.3289978,327.2904984
2017,Florida without Hillsborough County,57.36428875,42.25718586,57.36428875,42.25718586,6.283393815,14.16126868,14.2056421,53.01035543,40.41996786,20.91988406,32.03141731,3.279922598,,2.961496835,279.2836966,,234.3555,253.9420006,277.5954971,304.1379974,327.1094971
2017,Florida without Miami-Dade,54.32370665,45.1309146,54.32370665,45.1309146,6.406839997,14.3287258,14.22096947,52.92028802,44.905557,20.72451838,26.80829284,3.707160307,,3.423018235,279.9542807,,234.6420006,254.4474998,278.3315002,304.9145004,327.9420013
2017,Florida without Orange County,,,,,,,,,,,,,,,,,,,,,
2017,Florida without any TUDAs,55.05517618,44.52114977,55.05517618,44.52114977,6.401823242,13.94868859,14.29671946,53.03677917,46.6015438,19.58593148,26.55381973,3.496110199,,3.328382332,280.4878,,235.7805008,255.0230003,278.8814987,305.3785019,328.075502
2017,Georgia without Atlanta,56.00196076,40.01376722,56.00196076,40.01376722,7.029169526,14.61629884,12.23088925,56.28293193,42.4888953,34.34254866,15.66980971,3.998163072,,3.274238089,281.4595176,,234.8349991,255.4205009,280.4755005,307.0140015,330.0374985
2017,Illinois without Chicago,41.82797881,58.17202119,41.82797881,58.17202119,5.632749772,13.67449427,12.7340115,56.52842305,58.51131798,10.53451514,23.14254192,4.174643341,,3.324189754,282.828018,,232.9950012,256.0899994,282.151001,309.1844986,333.5099976
2017,Kentucky without Jefferson County,54.15249021,45.64562446,54.15249021,45.64562446,6.18068142,18.3905056,16.4402795,51.01406958,83.25460687,7.172403782,4.843422499,1.492884247,,3.141904967,278.7973436,,231.393,253.2155006,278.5205017,304.3069977,326.899498
2017,Maryland without Baltimore,39.14790815,60.44647068,39.14790815,60.44647068,4.527779833,13.58777281,12.4306558,60.79955953,42.93302619,30.22274884,14.46989004,7.292695176,,4.929991223,283.1526874,,232.9205002,255.1629997,281.862001,311.6394974,336.3010025
2017,Massachusetts without Boston,23.31669114,75.09214927,23.31669114,75.09214927,3.950773658,11.56841485,10.76109334,66.42222222,67.77615455,7.353926973,14.91782873,6.761599904,,3.060351016,297.8927892,,246.3889999,272.2075012,299.5559998,324.5439957,346.7324982
2017,Michigan without Detroit,40.07721687,59.30024326,40.07721687,59.30024326,4.234016559,13.54780911,14.26780819,59.52151613,72.38032556,13.1173376,7.134463186,4.068743745,0.6066226,2.69250731,280.4113887,,229.8214996,253.2004974,280.6369995,306.9220001,331.1900024
2017,Nevada without Clark County,38.48107802,60.62383421,38.48107802,60.62383421,7.543815963,18.83799735,13.22921875,47.97966753,51.36987599,3.453779511,32.62922453,4.457866391,2.7583955,5.330858084,283.1017509,,236.7205002,257.694001,282.7279999,308.2304977,330.636998
2017,New Mexico without Albuquerque,76.3050834,23.65602966,76.3050834,23.65602966,12.10635691,19.12590729,15.87085786,39.33957763,24.96697126,1.317435796,60.68373866,1.008957407,10.94151812,1.081378761,269.3089582,,224.5289993,245.1724998,269.1099991,292.7820023,314.4799973
2017,New York without New York City,40.06976469,58.08250435,40.06976469,58.08250435,5.253494948,10.79027121,9.896926193,63.51503868,65.18449025,14.12585818,14.48346705,4.235487075,,1.698559392,285.0303855,,235.6125,258.5170013,284.7164978,312.2259979,334.9289993
2017,North Carolina without Charlotte,47.5258335,47.49231615,47.5258335,47.49231615,6.9003821,15.59824103,11.41634574,55.0608794,53.04545872,24.17726794,14.5578758,2.823905015,0.945518245,4.449974281,281.3504893,,228.3670013,252.982,281.6545029,310.0059998,333.9254974
2017,North Carolina without Guilford County,47.09673741,48.23133921,47.09673741,48.23133921,7.008473825,15.27075017,11.31739401,55.347429,51.51734061,24.80032713,15.463976,2.98453279,0.931380466,4.302443011,282.1982908,,228.8695015,253.7244995,282.5550003,311.0059998,335.1710022
2017,North Carolina without any TUDAs,47.65911553,47.20981121,47.65911553,47.20981121,6.927268314,15.68324145,11.29407638,55.10590189,54.0205904,23.33448386,14.60720259,2.620130917,0.962090839,4.455501398,281.6210423,,228.7130005,253.4165009,281.9740036,310.2084976,334.010498
2017,Ohio without Cleveland,42.54474952,55.2088829,42.54474952,55.2088829,4.469027569,15.37255648,13.62240095,58.57579267,73.50153501,14.80964456,4.137324705,2.57970693,,4.787671509,288.3868676,,235.7900002,261.3670029,289.123999,316.9330002,338.4514984
2017,Pennsylvania without Philadelphia,43.65231147,56.306639,43.65231147,56.306639,4.582203393,15.67095097,16.22574689,55.98929634,74.32391638,11.72077777,8.387282811,3.374136875,,1.951354355,288.2371936,,238.3954987,261.8069977,288.9300003,315.2719986,336.8520004
2017,Tennessee without Shelby County,45.34028137,54.4719474,45.34028137,54.4719474,6.691286572,18.30940809,15.43447823,49.4532918,73.7241756,13.68352979,8.752477999,1.727627722,,1.921085227,281.1842793,,235.4735001,257.1990005,281.4460007,306.2530029,326.8375
2017,Texas without Austin,56.90538039,41.75132681,56.90538039,41.75132681,10.60886439,18.20696412,13.74766557,44.711032,28.18921738,12.12860938,51.42215602,5.534291593,0.667442137,2.058283485,282.3054728,,234.6550003,256.0414978,281.9744995,307.6944992,330.8580002
2017,Texas without Dallas,55.87578457,42.78958748,55.87578457,42.78958748,10.21009895,18.13292159,13.69099657,45.37510585,28.86807448,11.84890786,50.88106631,5.619313425,0.674679364,2.107958565,282.7051641,,234.8760002,256.4620049,282.4779968,308.1845001,331.3085007
2017,Texas without Forth Worth,56.49209995,42.1608394,56.49209995,42.1608394,10.45966455,18.12329168,13.68401097,45.06970392,28.47888238,11.90700461,51.26914996,5.5875222,0.666934859,2.09050599,282.5378654,,234.7485001,256.2720039,282.2789978,308.0090012,331.0984985
2017,Texas without Houston,56.23108467,42.40604081,56.23108467,42.40604081,10.43230314,18.17081673,13.71321881,45.18626715,28.93806209,11.62926611,51.0616297,5.594277972,0.675231269,2.101532856,282.6262769,,234.8345009,256.393,282.4354965,308.0889984,331.0859985
2017,Texas without any TUDAs,54.94999168,43.63954109,54.94999168,43.63954109,9.64511862,18.17199843,13.77487667,46.18179298,29.96419709,11.2640381,50.08919885,5.82056575,0.705849967,2.156150244,283.2752431,,235.5745003,257.1114998,283.1095016,308.7060013,331.7319992
2017,Wisconsin without Milwaukee,31.83968826,67.09544782,31.83968826,67.09544782,3.761120656,12.62076549,13.05764381,62.19922878,78.90859876,4.269375954,9.592849021,3.698315277,1.215211951,2.315649035,290.8997309,,244.6435013,266.598497,291.0970016,316.7020004,337.2530014
2015,National,48.50122291,44.35272324,48.50122291,44.35272324,7.595275375,15.41569021,14.15112399,51.4360707,52.05817524,14.86022865,23.92650637,5.722215391,1.045172252,2.387702096,282.2219089,,234.5784996,257.7075027,282.8719986,307.699501,329.0009979
2015,Albuquerque,67.91677092,31.74211122,67.91677092,31.74211122,12.52861413,19.9088059,14.20961769,38.77832399,22.52114606,2.304807029,68.33589291,2.787786591,3.588339213,,270.7241767,,224.0395004,247.7814995,271.7899979,294.6459991,316.0824982
2015,Atlanta,80.6064567,19.18901173,80.6064567,19.18901173,6.920378893,19.32776904,13.11218662,48.66652189,10.78468299,80.55248381,6.212304277,0.815033516,,1.635495408,266.3720028,,220.2145004,240.7270012,263.0824997,290.738002,319.9874985
2015,Austin,55.6077099,44.3922901,55.6077099,44.3922901,15.45217137,14.79702924,9.130214572,42.6588381,27.32891689,7.850692666,58.15786121,3.962170225,,2.587094165,283.9936428,,234.6169998,256.8390022,282.9219986,311.4340012,336.6689972
2015,Baltimore City,76.62364219,22.98296204,76.62364219,22.98296204,9.453443143,25.94306526,18.27969568,32.68197244,7.012173036,82.64727906,8.060360934,1.305852607,,0.673356649,255.2373718,,209.3469986,230.5779984,253.8900002,278.0625,304.0055008
2015,Boston,100,,100,,9.09000734,19.04478339,13.97653036,36.49801479,13.55273767,34.78124509,39.72421435,10.74339048,,0.982577566,281.1455465,,227.4195,252.2705002,281.289502,309.164003,335.3029999
2015,Charlotte,61.41038264,37.92861771,61.41038264,37.92861771,6.762082499,11.02314833,14.04616651,55.96169999,30.97614403,39.694216,21.57009879,5.619410921,0.549390789,1.590739473,286.2296277,,234.7219986,257.6464989,286.2010025,315.8845001,339.8284973
2015,Chicago,86.05330275,13.87746969,86.05330275,13.87746969,11.46749132,18.2342864,17.70221429,35.41066951,8.913334193,42.62275581,45.02814994,3.309305014,,,274.879456,,228.0014984,249.7759995,273.502002,299.223999,324.302002
2015,Clark County (NV),,,,,,,,,,,,,,,,,,,,,
2015,Cleveland,100,,100,,13.91654478,22.91842868,16.37828776,26.74967121,12.57511786,66.88718261,15.84295895,1.35014978,0.598121061,2.746469734,254.3228182,,212.4890007,231.6664993,253.4585014,276.2694977,297.8050003
2015,Dallas,89.51149128,10.37470388,89.51149128,10.37470388,27.90901531,18.89099986,12.31649015,18.29549551,3.800011822,22.42148969,72.08124833,1.233744208,,,270.8713197,,229.6125,248.255999,269.997998,293.0279953,314.4320038
2015,Denver,,,,,,,,,,,,,,,,,,,,,
2015,Detroit,—,27.68894401,71.914921,27.68894401,10.65228645,22.17923136,18.02732531,31.4887987,1.298825622,81.60007167,14.21766591,2.694966224,,,244.1558764,,204.9314987,223.1610008,244.086499,264.1765015,284.5124969
2015,District of Columbia (DCPS),78.60077139,21.30108345,78.60077139,21.30108345,6.562760223,22.35616206,14.43153145,41.78972058,9.10854847,71.96477431,15.30157615,1.771785702,,1.753851979,258.3663039,,202.9014992,228.9989998,257.7935013,286.5134979,315.5165009
2015,Duval County (FL),43.95961472,56.04038528,43.95961472,56.04038528,5.727694324,18.29275785,16.82297733,47.62717946,37.98471742,42.78505646,9.88995855,5.672279392,,3.427946461,274.5281812,,234.7005013,252.5279991,273.9129974,295.7934998,315.5755005
2015,Fort Worth (TX),,,,,,,,,,,,,,,,,,,,,
2015,Fresno,81.2026421,18.7973579,81.2026421,18.7973579,16.17143589,19.3405826,13.09168417,25.41390186,10.28511191,8.482968879,66.74038891,11.98103263,,2.076484763,256.8713111,,212.6135002,233.0105003,256.3994995,281.0549973,303.6065018
2015,Guilford County (NC),,,,,,,,,,,,,,,,,,,,,
2015,Hillsborough County (FL),62.33336602,37.31850473,62.33336602,37.31850473,8.562833907,14.88396693,14.51260353,47.84177862,34.23288663,22.62066824,34.89257936,4.321048355,,3.844126687,275.6213297,,227.9504997,250.1535004,275.7630005,301.5609985,323.0644974
2015,Houston,75.92814639,24.07185361,75.92814639,24.07185361,17.91456758,17.04043719,14.21959108,28.56651845,7.399806045,25.39360853,61.53465592,4.624276115,,0.783567904,276.484872,,230.0984985,251.7590004,275.4720032,301.1425003,325.5004974
2015,Jefferson County (KY),57.62523433,42.1998158,57.62523433,42.1998158,6.400338098,16.62705364,17.94827805,45.6262135,49.49014987,36.29812829,7.482916616,4.211962521,,2.462298892,271.5862491,,220.9510017,244.0584999,270.2875,300.1469986,324.1990021
2015,Los Angeles,84.40096934,15.26035799,84.40096934,15.26035799,16.81919358,17.96694171,12.78152763,25.56345907,10.11104755,8.291375649,75.16806356,6.244183912,,,263.4835774,,218.2349991,239.8240005,263.3875,286.6810013,308.8565002
2015,Miami-Dade,72.77598349,27.15471436,72.77598349,27.15471436,5.558177692,14.93589815,15.68036609,49.49599871,9.349442302,21.23562341,67.86480003,0.768944634,,0.731063586,274.4980681,,228.3599991,250.3149994,274.7144974,299.7750015,320.4659958
2015,Milwaukee,,,,,,,,,,,,,,,,,,,,,
2015,New York City,79.14188463,20.73547347,79.14188463,20.73547347,8.692611802,14.50376797,13.75612945,41.29760757,14.94943489,30.00993694,37.34785576,17.25791388,,,275.3606702,,226.0904999,248.5134987,274.1339996,302.2660034,327.7684982
2015,Orange County (FL),,,,,,,,,,,,,,,,,,,,,
2015,Philadelphia,59.86511637,38.02334313,59.86511637,38.02334313,9.315382711,21.86052753,16.32811452,35.34006914,18.8883936,50.69477741,18.7473392,8.741385421,,2.928104374,267.0877725,,219.1414993,240.9230003,265.0675003,291.3060028,318.2080002
2015,San Diego,64.38521936,35.61478064,64.38521936,35.61478064,10.09571673,15.32941141,13.68488574,44.36029983,22.28586423,8.092481994,43.66127889,18.09641006,,7.863964829,280.4021138,,229.3870018,255.4384987,282.0214996,306.8685013,329.3600006
2015,Shelby County (TN),,,,,,,,,,,,,,,,,,,,,
2015,California without Fresno,60.01487681,37.62572044,60.01487681,37.62572044,12.8893022,16.60988405,13.8343185,39.56761742,25.03713084,6.584868705,53.1827899,12.88610612,0.925181116,1.383923312,275.5118317,,226.8159973,249.7345001,276.0260025,301.5815002,324.1244965
2015,California without Los Angeles,58.08232255,39.40473833,58.08232255,39.40473833,12.57730141,16.51959082,13.9193936,40.65258704,26.20048897,6.454174546,51.37985707,13.4656849,0.985471691,1.514322822,276.3754744,,227.5110023,250.580999,277.0604996,302.5725037,324.8420013
2015,California without San Diego,60.16360074,37.46467348,60.16360074,37.46467348,12.96555087,16.65732652,13.82904289,39.3499773,24.92908412,6.580977777,53.46794398,12.79651169,0.934440533,1.291041899,275.2462587,,226.5770012,249.4125008,275.7185028,301.3435028,323.8774994
2015,California without any TUDAs,57.71512456,39.7009432,57.71512456,39.7009432,12.57886061,16.50801774,13.93264926,40.76107428,26.44604584,6.403499125,51.338359,13.40363786,1.008431215,1.400026961,276.5263534,,227.6845016,250.7244995,277.2134995,302.725502,324.9529999
2015,Colorado without Denver,,,,,,,,,,,,,,,,,,,,,
2015,District of Columbia without DCPS,73.26751837,26.73248163,73.26751837,26.73248163,6.942525954,21.14696553,19.16802033,41.25926587,3.980955149,82.13218114,11.81153375,0.814453239,,1.037227902,268.9844718,,221.7484993,244.7160004,268.835498,294.4305008,315.7540024
2015,Florida without Duval County,64.27753918,35.53063584,64.27753918,35.53063584,8.035917259,17.34267691,15.68834529,45.07894069,40.6603938,21.93913012,32.00461268,2.682985548,,2.655743331,275.3601269,,229.773999,250.6540009,275.0184967,300.5615021,321.8799973
2015,Florida without Hillsborough County,63.48600639,36.3453681,63.48600639,36.3453681,7.879171159,17.60814282,15.84756743,44.95219459,41.1118412,22.86947027,30.69251416,2.677703219,,2.585476502,275.2970298,,230.1750008,250.7830002,274.9024994,300.2144989,321.5095016
2015,Florida without Miami-Dade,62.08918484,37.71153076,62.08918484,37.71153076,8.264471424,17.72292291,15.74569358,44.59384036,44.8698652,23.07266255,25.93223151,3.096996146,,2.96104827,275.4383393,,230.2155006,250.7849998,275.0085022,300.4324997,321.8149994
2015,Florida without Orange County,,,,,,,,,,,,,,,,,,,,,
2015,Florida without any TUDAs,63.11459804,36.69090186,63.11459804,36.69090186,8.378627626,18.00026205,15.81814702,44.06333215,46.4379586,21.978211,25.87902038,2.813064077,,2.836942707,275.471063,,230.2580002,250.7359993,274.9959976,300.5785004,321.9324997
2015,Georgia without Atlanta,59.13418348,33.83010423,59.13418348,33.83010423,8.517121351,15.5969213,13.51454593,51.51684346,43.45438881,35.17021691,14.25145556,3.787212248,,2.989248032,279.0343241,,233.7545013,254.7845016,277.7085007,303.1369995,327.3065018
2015,Illinois without Chicago,43.27688747,56.6571154,43.27688747,56.6571154,6.953309801,14.40859396,13.98400742,53.91488179,59.02525852,10.27582332,21.59661169,5.977645088,,2.833449892,283.5821393,,237.443,261.4919983,284.5059982,307.5304993,327.4044968
2015,Kentucky without Jefferson County,55.60090241,44.39909759,55.60090241,44.39909759,6.785794593,19.6175036,19.19270636,45.42554133,86.99917317,5.936338508,3.938902036,0.675662796,,2.309633092,278.9514722,,235.6114998,256.3795013,278.6124985,302.1394989,322.5365021
2015,Maryland without Baltimore,36.10640847,63.24030621,36.10640847,63.24030621,3.864825357,15.15798385,13.62718551,58.2428394,47.82642987,29.65910708,11.04409562,6.567685041,,4.582338629,285.7177397,,236.9510002,260.1839996,285.7994995,311.8644989,334.0955017
2015,Massachusetts without Boston,40.15929566,59.74513722,40.15929566,59.74513722,4.637624267,11.77570761,11.69143851,63.83281022,69.07747238,7.77639698,13.43152758,6.96047557,,2.65050826,297.7671851,,245.6585007,272.1649994,300.5849976,325.3980011,345.6750015
2015,Michigan without Detroit,44.02630772,55.82624562,44.02630772,55.82624562,3.997445088,15.95464624,15.20061147,56.49706523,71.02976765,18.33723267,3.690398158,3.427593321,1.111490922,2.403517274,279.1007996,,232.6814995,255.2370003,279.2639984,303.614003,325.5475006
2015,Nevada without Clark County,,,,,,,,,,,,,,,,,,,,,
2015,New Mexico without Albuquerque,72.67919052,26.25736692,72.67919052,26.25736692,11.61651617,20.36788523,16.33915882,38.31880954,25.19347148,1.722229917,59.89613296,0.841804233,11.70724446,0.639116946,270.9673538,,228.2110001,249.1195,271.3440018,293.6975067,314.0400024
2015,New York without New York City,45.25793489,52.41055738,45.25793489,52.41055738,5.355873286,14.66076159,12.08131666,55.96319531,64.53336804,14.40355481,14.64408714,5.064886767,0.523393424,0.830709817,282.6872548,,236.8214989,260.3095016,283.6514984,306.6534973,326.4175003
2015,North Carolina without Charlotte,57.16548776,41.8851634,57.16548776,41.8851634,9.030723137,15.5740955,15.69266434,47.02640726,53.98350714,23.73051012,15.59279993,2.672709486,1.217629955,2.802843366,280.8347621,,231.9914993,255.1840004,281.6664978,306.6589966,329.4094971
2015,North Carolina without Guilford County,,,,,,,,,,,,,,,,,,,,,
2015,North Carolina without any TUDAs,57.16548776,41.8851634,57.16548776,41.8851634,9.030723137,15.5740955,15.69266434,47.02640726,53.98350714,23.73051012,15.59279993,2.672709486,1.217629955,2.802843366,280.8347621,,231.9914993,255.1840004,281.6664978,306.6589966,329.4094971
2015,Ohio without Cleveland,45.69880027,54.30119973,45.69880027,54.30119973,5.166439245,16.80964315,16.12990584,53.50629149,76.02479667,14.52384251,3.113372372,2.418977712,,3.879340817,285.6771685,,239.6584991,263.0155029,286.4470016,309.9180023,330.588501
2015,Pennsylvania without Philadelphia,45.5610666,54.34628603,45.5610666,54.34628603,4.219696097,18.53143166,15.23005435,54.56136072,71.99547046,15.30330787,6.961478725,3.25719833,,2.264933705,284.7136672,,233.7040009,259.3169983,286.1979996,311.8000015,332.5590012
2015,Tennessee without Shelby County,,,,,,,,,,,,,,,,,,,,,
2015,Texas without Austin,56.45305474,42.06856459,56.45305474,42.06856459,11.51377775,17.34055561,15.2447516,42.93097083,31.475523,10.74988018,52.26748898,3.749831963,,1.543103145,283.7906837,,240.9849991,261.7190002,283.910498,306.4039978,326.8595016
2015,Texas without Dallas,55.50400397,43.00034277,55.50400397,43.00034277,11.10748566,17.25975525,15.23867568,43.6235157,32.19978164,10.37716732,51.79125606,3.824206535,,1.593169003,284.1597325,,241.3185013,262.1339981,284.2925003,306.765004,327.2639954
2015,Texas without Forth Worth,,,,,,,,,,,,,,,,,,,,,
2015,Texas without Houston,55.78059021,42.7124279,55.78059021,42.7124279,11.35325102,17.31360689,15.1903152,43.41641852,32.23129833,10.21130189,52.03906591,3.723280041,,1.584041398,284.0412883,,241.2809998,262.0564987,284.161499,306.6084991,327.0240036
2015,Texas without any TUDAs,54.77895231,43.64967167,54.77895231,43.64967167,10.79876689,17.30517651,15.3682526,44.17434773,33.1523259,9.883664687,51.34930947,3.79376817,,1.606733466,284.434121,,241.863002,262.5565018,284.5840027,306.8724991,327.1934982
2015,Wisconsin without Milwaukee,,,,,,,,,,,,,,,,,,,,,